"PERM_ID","NMSPC_CD","NM","DESC_TXT","PERM_TMPL_ID","ACTV_IND","OBJ_ID","VER_NBR"
"KCoeus1000","KC-NEGOTIATION","CREATE ACTIVITIES","Create new activities on an existing negotiation permission","1","Y","C041EF5965706B48E040DC0A1F8A15A8",1
"KCoeus10000","KC-SYS","Maintain Training","Permission for managing the training maintenance document","10","Y","EAAE523DB77BA6E9E040DC0A1F8A0F5D",1
"KCoeus10001","KC-SYS","Maintain Person Training","Permission for managing the person training maintenance document","10","Y","EAAE523DB77CA6E9E040DC0A1F8A0F5D",1
"KCoeus10002","KC-SYS","Maintain Person Signature","Permission for managing the person signature maintenance document","10","Y","EAAE523DB82FA6E9E040DC0A1F8A0F5D",1
"KCoeus1001","KC-NEGOTIATION","MODIFY ACTIVITIES","Edit the activities on an existing negotiation permission","1","Y","C041EF5965716B48E040DC0A1F8A15A8",1
"KCoeus1002","KC-NEGOTIATION","VIEW NEGOTIATION - UNRESTRICTED","View all information on a negotiation permission","1","Y","C041EF5965726B48E040DC0A1F8A15A8",1
"KCoeus1003","KC-NEGOTIATION","VIEW NEGOTIATION","View all non-restricted information on a negotiation permission","1","Y","C041EF5965736B48E040DC0A1F8A15A8",1
"KCoeus1004","KC-AWARD","Modify Award Report Tracking","Modify the report tracking records of an award at any time.","16","Y","C041EF5965946B48E040DC0A1F8A15A8",1
"KCoeus1005","KC-SUBAWARD","CREATE SUBAWARD","Create a new Subaward permission","10","Y","C041EF5965986B48E040DC0A1F8A15A8",1
"KCoeus1006","KC-SUBAWARD","MODIFY SUBAWARD","Edit an existing Subaward permission","10","Y","C041EF5965996B48E040DC0A1F8A15A8",1
"KCoeus1007","KC-SUBAWARD","VIEW SUBAWARD","View all information on a Subaward permission","10","Y","C041EF59659A6B48E040DC0A1F8A15A8",1
"KCoeus1013","KC-COIDISCLOSURE","Report Coi Disclosure","Report Coi Disclosure","KCoeus60","Y","C041EF5967916B48E040DC0A1F8A15A8",1
"KCoeus1014","KC-COIDISCLOSURE","Perform Coi Disclosure Actions","Perform Coi Disclosure Actions","KCoeus58","Y","C041EF5967946B48E040DC0A1F8A15A8",1
"KCoeus1015","KC-COIDISCLOSURE","View Coi Restricted Notes","View Restricted Notes in Coi Disclosure","KCoeus59","Y","C041EF5967966B48E040DC0A1F8A15A8",1
"KCoeus1016","KC-COIDISCLOSURE","Maintain Coi Reviewers","Maintain Coi Reviewers","KCoeus60","Y","C041EF5967A36B48E040DC0A1F8A15A8",1
"KCoeus1017","KC-IACUC","Create IACUC Protocol","Create IACUC Protocol","10","Y","C041EF5967AB6B48E040DC0A1F8A15A8",1
"KCoeus1018","KC-IACUC","Create IACUC Amendment","Create a new amendment for a IACUC protocol","KCoeus58","Y","C041EF5967AF6B48E040DC0A1F8A15A8",1
"KCoeus1019","KC-IACUC","Create IACUC Renewal","Create a new renewal for a IACUC protocol","KCoeus58","Y","C041EF5967B36B48E040DC0A1F8A15A8",1
"KCoeus1020","KC-IACUC","Submit IACUC Protocol","Submit an IACUC Protocol to committee for review","5","Y","C041EF5967B76B48E040DC0A1F8A15A8",1
"KCoeus1021","KC-IACUC","Modify IACUC Protocol","Modify IACUC Protocol Document","KCoeus60","Y","C041EF5967BA6B48E040DC0A1F8A15A8",1
"KCoeus1022","KC-IACUC","Modify IACUC ProtocolPermissions","Assign Users to IACUC Protocol Roles","KCoeus60","Y","C041EF5967BE6B48E040DC0A1F8A15A8",1
"KCoeus1023","KC-IACUC","View IACUC Protocol","View IACUC Protocol Document","KCoeus59","Y","C041EF5967C26B48E040DC0A1F8A15A8",1
"KCoeus1024","KC-IACUC","Add IACUC Protocol Notes","Add IACUC Protocol Notes","KCoeus58","Y","C041EF5967C66B48E040DC0A1F8A15A8",1
"KCoeus1025","KC-IACUC","Modify Any IACUC Protocol","Modify Any IACUC Protocol Document","KCoeus57","Y","C041EF5967CA6B48E040DC0A1F8A15A8",1
"KCoeus1026","KC-UNT","Add Unit","Add Unit","KCoeus60","Y","C041EF5967E26B48E040DC0A1F8A15A8",1
"KCoeus1027","KC-UNT","Modify Unit","Modify Unit","KCoeus60","Y","C041EF5967E56B48E040DC0A1F8A15A8",1
"KCoeus1028","KC-AWARD","Create Award Sponsor Template","Create Award Sponsor Template","10","Y","C041EF5968286B48E040DC0A1F8A15A8",1
"KCoeus1029","KC-AWARD","Modify Award Sponsor Template","Modify Award Sponsor Template","16","Y","C041EF59682B6B48E040DC0A1F8A15A8",1
"KCoeus1030","KC-AWARD","View Award Sponsor Template","View Award Sponsor Template","40","Y","C041EF59682E6B48E040DC0A1F8A15A8",1
"KCoeus1031","KC-PD","VIEW_INSTITUTIONAL_SALARIES","VIEW INSTITUTIONAL BUDGET SALARIES","KCoeus60","N","C041EF5968436B48E040DC0A1F8A15A8",1
"KCoeus1032","KC-PD","VIEW_PROP_PERSON_INST_SALARIES","VIEW PROPOSAL PERSON INST SALARIES","KCoeus60","N","C041EF5968466B48E040DC0A1F8A15A8",1
"KCoeus1033","KC-SYS","Add Sponsor Hierarchy","Permission for adding a new sponsor hierarchy record","10","Y","C041EF5968756B48E040DC0A1F8A15A8",1
"KCoeus1034","KC-SYS","Modify Sponsor Hierarchy","Permission for modifying a sponsor hierarchy record","1","Y","C041EF5968766B48E040DC0A1F8A15A8",1
"KCoeus1035","KC-SYS","Delete Sponsor Hierarchy","Permission for deleting a sponsor hierarchy record","1","Y","C041EF5968776B48E040DC0A1F8A15A8",1
"KCoeus1036","KC-UNT","Add Sponsor","Add Sponsor","10","Y","C041EF5968816B48E040DC0A1F8A15A8",1
"KCoeus1037","KC-UNT","Modify Sponsor","Modify Sponsor","16","Y","C041EF5968846B48E040DC0A1F8A15A8",1
"KCoeus1038","KC-UNT","Add Address Book","Add Address Book","10","Y","C041EF5968886B48E040DC0A1F8A15A8",1
"KCoeus1039","KC-UNT","Modify Address Book","Modify Address Book","16","Y","C041EF59688D6B48E040DC0A1F8A15A8",1
"KCoeus1040","KC-UNT","Delete Address Book","Delete Address Book","1","Y","C041EF5968906B48E040DC0A1F8A15A8",1
"KCoeus1041","KC-UNT","Modify Organization","Modify Organization","16","Y","C041EF5968946B48E040DC0A1F8A15A8",1
"KCoeus1042","KC-UNT","Add Organization","Add Organization","10","Y","C041EF5968976B48E040DC0A1F8A15A8",1
"KCoeus1043","KC-UNT","Delete Organization","Delete Organization","1","Y","C041EF59689A6B48E040DC0A1F8A15A8",1
"KCoeus1046","KC-IACUC","View IACUCCommittee","View all IACUC committees in a unit","KCoeus59","Y","EAAE523DB593A6E9E040DC0A1F8A0F5D",1
"KCoeus1047","KC-IACUC","Modify IACUCCommittee","Modify existing committees in a unit","KCoeus60","Y","EAAE523DB596A6E9E040DC0A1F8A0F5D",1
"KCoeus1048","KC-IACUC","Perform IACUCCommittee Actions","Perform IACUC committee actions","KCoeus58","Y","EAAE523DB599A6E9E040DC0A1F8A0F5D",1
"KCoeus1049","KC-IACUC","Create Any IACUC Amendment","Create Amendments on any IACUC Protocol","KCoeus58","Y","EAAE523DB5A5A6E9E040DC0A1F8A0F5D",1
"KCoeus1050","KC-IACUC","Create Any IACUC Renewal","Create renewals for any IACUC Protocol","KCoeus58","Y","EAAE523DB5A7A6E9E040DC0A1F8A0F5D",1
"KCoeus1051","KC-IACUC","Create Any IACUC Renewal with Amendment","Create Renewal with Amendment for any IACUC Protocol","KCoeus58","Y","EAAE523DB5A9A6E9E040DC0A1F8A0F5D",1
"KCoeus1052","KC-IACUC","Submit Any IACUC Protocol","Submit Any IACUC Protocol","KCoeus58","Y","EAAE523DB5ABA6E9E040DC0A1F8A0F5D",1
"KCoeus1053","KC-IACUC","Review IACUC Protocol","Review IACUC Protocol","KCoeus58","Y","EAAE523DB5ADA6E9E040DC0A1F8A0F5D",1
"KCoeus1054","KC-IACUC","IACUC Administrative Corrections","Perform Administrative Corrections on IACUC Protocols","KCoeus58","Y","EAAE523DB5AFA6E9E040DC0A1F8A0F5D",1
"KCoeus1055","KC-IACUC","Maintain IACUC Protocol Review Comments","Maintain IACUC Protocol Review Comments","KCoeus60","Y","EAAE523DB5B1A6E9E040DC0A1F8A0F5D",1
"KCoeus1056","KC-IACUC","Maintain IACUC Protocol Related Proj","Maintain IACUC Protocols link to award and proposal","KCoeus60","Y","EAAE523DB5B3A6E9E040DC0A1F8A0F5D",1
"KCoeus1057","KC-IACUC","Maintain Any IACUC Protocol Access","Maintain Any IACUC Protocol Access","KCoeus60","Y","EAAE523DB5B5A6E9E040DC0A1F8A0F5D",1
"KCoeus1058","KC-IACUC","Add Any IACUC Protocol Notes","Add Any IACUC Protocol Notes","KCoeus60","Y","EAAE523DB5B7A6E9E040DC0A1F8A0F5D",1
"KCoeus1059","KC-IACUC","Maintain IACUC Research Areas","Maintain IACUC Research Areas","KCoeus60","Y","EAAE523DB5B9A6E9E040DC0A1F8A0F5D",1
"KCoeus1060","KC-IACUC","Perform IACUC Actions on Protocol","Perform any IRB action on a protocol submitted to a committee","KCoeus55","Y","EAAE523DB5BBA6E9E040DC0A1F8A0F5D",1
"KCoeus1061","KC-IACUC","View Any IACUC Protocol","View Any IACUC Protocol","KCoeus58","Y","EAAE523DB5C0A6E9E040DC0A1F8A0F5D",1
"KCoeus1062","KC-IACUC","Delete Any IACUC Protocol","Delete Any IACUC Protocol","KCoeus58","Y","EAAE523DB5C2A6E9E040DC0A1F8A0F5D",1
"KCoeus1063","KC-IACUC","Delete IACUC Protocol","Delete IACUC Protocol","KCoeus60","Y","EAAE523DB5C3A6E9E040DC0A1F8A0F5D",1
"KCoeus1064","KC-IACUC","Modify IACUC Correspondence Template",NULL,"16","Y","EAAE523DB5CAA6E9E040DC0A1F8A0F5D",1
"KCoeus1065","KC-IACUC","View IACUC Correspondence Template",NULL,"40","Y","EAAE523DB5CCA6E9E040DC0A1F8A0F5D",1
"KCoeus1066","KC-PD","Maintain KRMS Agenda","Maintain Proposal Development KRMS Agenda","61","Y","EAAE523DB5D3A6E9E040DC0A1F8A0F5D",1
"KCoeus1067","KC-PROTOCOL","Maintain KRMS Agenda","Maintain Protocol KRMS Agenda","61","Y","EAAE523DB5D5A6E9E040DC0A1F8A0F5D",1
"KCoeus1070","KC-SYS","Create DocumentTypeDocument","Authorizes the initiation of Document Type Documents","10","Y","EAAE523DB5DAA6E9E040DC0A1F8A0F5D",1
"KCoeus1071","KC-SYS","Create RoutingRuleDocument","Authorizes the initiation of Routing Rule Documents","10","Y","EAAE523DB5DCA6E9E040DC0A1F8A0F5D",1
"KCoeus1072","KC-SYS","Create NamespaceMaintenanceDocument","Authorizes the initiation of Namespace Maintenance Documents","10","Y","EAAE523DB5DEA6E9E040DC0A1F8A0F5D",1
"KCoeus1073","KC-SYS","Create ParameterTypeMaintenanceDocument","Authorizes the initiation of Parameter Type Maintenance Documents","10","Y","EAAE523DB5E0A6E9E040DC0A1F8A0F5D",1
"KCoeus1074","KC-SYS","Create ParameterDetailTypeMaintenanceDocument","Authorizes the initiation of Parameter Detail Type Maintenance Documents","10","Y","EAAE523DB5E2A6E9E040DC0A1F8A0F5D",1
"KCoeus1075","KC-SYS","Create ParameterMaintenanceDocument","Authorizes the initiation of Parameter Maintenance Documents","10","Y","EAAE523DB5E4A6E9E040DC0A1F8A0F5D",1
"KCoeus1076","KC-SYS","Create RoutingRuleDelegationMaintenanceDocument","Authorizes the initiation of Routing Rule Delegation Maintenance Documents","10","Y","EAAE523DB5E6A6E9E040DC0A1F8A0F5D",1
"KCoeus1077","KC-SYS","Create CampusMaintenanceDocument","Authorizes the initiation of Campus Maintenance Documents","10","Y","EAAE523DB5E8A6E9E040DC0A1F8A0F5D",1
"KCoeus1078","KC-SYS","Create CampusTypeMaintenanceDocument","Authorizes the initiation of Campus Type Maintenance Documents","10","Y","EAAE523DB5EAA6E9E040DC0A1F8A0F5D",1
"KCoeus1079","KC-SYS","Create CountryMaintenanceDocument","Authorizes the initiation of Country Maintenance Documents","10","Y","EAAE523DB5ECA6E9E040DC0A1F8A0F5D",1
"KCoeus1080","KC-SYS","Create CountyMaintenanceDocument","Authorizes the initiation of County Maintenance Documents","10","Y","EAAE523DB5EEA6E9E040DC0A1F8A0F5D",1
"KCoeus1081","KC-SYS","Create PostalCodeMaintenanceDocument","Authorizes the initiation of Postal Code Maintenance Documents","10","Y","EAAE523DB5F0A6E9E040DC0A1F8A0F5D",1
"KCoeus1082","KC-SYS","Create StateMaintenanceDocument","Authorizes the initiation of State Maintenance Documents","10","Y","EAAE523DB5F2A6E9E040DC0A1F8A0F5D",1
"KCoeus1083","KC-SYS","Create IdentityManagementDocument","Authorizes the initiation of Identity Management Documents","10","Y","EAAE523DB5F4A6E9E040DC0A1F8A0F5D",1
"KCoeus1084","KC-SYS","Create AgendaMaintenanceDocument","Authorizes the initiation of Agenda Maintenance Documents","10","Y","EAAE523DB5F6A6E9E040DC0A1F8A0F5D",1
"KCoeus1085","KC-SYS","Create ContextMaintenanceDocument","Authorizes the initiation of Context Maintenance Documents","10","Y","EAAE523DB5F8A6E9E040DC0A1F8A0F5D",1
"KCoeus1086","KC-SYS","Create RuleMaintenanceDocument","Authorizes the initiation of Rule Maintenance Documents","10","Y","EAAE523DB5FAA6E9E040DC0A1F8A0F5D",1
"KCoeus1087","KC-SYS","Create TermMaintenanceDocument","Authorizes the initiation of Term Maintenance Documents","10","Y","EAAE523DB5FCA6E9E040DC0A1F8A0F5D",1
"KCoeus1088","KC-SYS","Create TermSpecificationMaintenanceDocument","Authorizes the initiation of Term Specification Maintenance Documents","10","Y","EAAE523DB5FEA6E9E040DC0A1F8A0F5D",1
"KCoeus1089","KC-SYS","Create PeopleFlowMaintenanceDocument","Authorizes the initiation of People Flow Maintenance Documents","10","Y","EAAE523DB600A6E9E040DC0A1F8A0F5D",1
"KCoeus1090","KC-SYS","Create AgendaEditorMaintenanceDocument","Authorizes the initiation of Agenda Editor Maintenance Documents","10","Y","EAAE523DB602A6E9E040DC0A1F8A0F5D",1
"KCoeus1091","KC-SYS","Create PersonMassChangeDocument","Authorizes the initiation of Person Mass Change Documents","10","Y","EAAE523DB65DA6E9E040DC0A1F8A0F5D",1
"KCoeus1092","KC-SYS","View Active Protocol Types","Can view all active protocol types","27","Y","EAAE523DB661A6E9E040DC0A1F8A0F5D",1
"KCoeus1093","KC-SUBAWARD","Create Subaward Invoice","Create Subaward Invoice","10","Y","EAAE523DB66EA6E9E040DC0A1F8A0F5D",1
"KCoeus1094","KC-SUBAWARD","Modify Subaward Invoice","Modify Subaward Invoice","16","Y","EAAE523DB671A6E9E040DC0A1F8A0F5D",1
"KCoeus1095","KC-SUBAWARD","View Subaward Invoice","View Subaward Invoice","40","Y","EAAE523DB674A6E9E040DC0A1F8A0F5D",1
"KCoeus1096","KC-UNT","View Address Book","View Address Book","40","Y","EAAE523DB683A6E9E040DC0A1F8A0F5D",1
"KCoeus1097","KC-UNT","View Organization","View Organization","40","Y","EAAE523DB686A6E9E040DC0A1F8A0F5D",1
"KCoeus1098","KC-UNT","View Sponsor","View Sponsor","40","Y","EAAE523DB68AA6E9E040DC0A1F8A0F5D",1
"KCoeus1099","KC-COIDISCLOSURE","Maintain Questionnaire Usage","Add/Edit Questionnaire Usages for COI","KCoeus53","Y","EAAE523DB6A1A6E9E040DC0A1F8A0F5D",1
"KCoeus1100","KC-IACUC","View IACUC Protocol Online Review Comments","View IACUC Protocol Online Review Comments","KCoeus59","Y","EAAE523DB6ABA6E9E040DC0A1F8A0F5D",1
"KCoeus1101","KC-IACUC","Maintain IACUC Protocol Online Review Comments","Maintain IACUC Protocol Online Review Comments","KCoeus60","Y","EAAE523DB6ADA6E9E040DC0A1F8A0F5D",1
"KCoeus1102","KC-IACUC","Maintain IACUC Protocol Online Reviews","Maintain IACUC Protocol Online Reviews","KCoeus60","Y","EAAE523DB6AFA6E9E040DC0A1F8A0F5D",1
"KCoeus1103","KC-IACUC","Modify IACUC Protocol Submission","modify an existing iacuc protocol submission","KCoeus58","Y","EAAE523DB6B1A6E9E040DC0A1F8A0F5D",1
"KCoeus1104","KC-IACUC","Maintain Questionnaire Usage","Add/Edit Questionnaire Usages for IACUC Protocol","KCoeus53","Y","EAAE523DB6B5A6E9E040DC0A1F8A0F5D",1
"KCoeus1105","KC-AWARD","Maintain KRMS Agenda","Maintain Award KRMS Agenda","61","Y","EAAE523DB6E9A6E9E040DC0A1F8A0F5D",1
"KCoeus1106","KC-COIDISCLOSURE","Maintain KRMS Agenda","Maintain Award KRMS Agenda","61","Y","EAAE523DB6EBA6E9E040DC0A1F8A0F5D",1
"KCoeus1107","KC-IACUC","Maintain IACUC Protocol Submissions","maintain iacuc protocol submission","KCoeus58","Y","EAAE523DB6F8A6E9E040DC0A1F8A0F5D",1
"KCoeus1108","KC-IACUC","Edit Iacuc Protocol Billable","can check the billable check box or not","KCoeus58","Y","EAAE523DB6FBA6E9E040DC0A1F8A0F5D",1
"KCoeus1109","KC-IACUC","View IACUC Restricted Notes","View Restricted Notes in IACUC Protocols","KCoeus58","Y","EAAE523DB6FFA6E9E040DC0A1F8A0F5D",1
"KCoeus1110","KC-IACUC","Create IACUC Protocol Continuation Review","Create a new continuation for an IACUC protocol","KCoeus58","Y","EAAE523DB709A6E9E040DC0A1F8A0F5D",1
"KCoeus1111","KC-IACUC","Create IACUCCommitteeDocument","Add new IACUC committees in a unit","10","Y","EAAE523DB712A6E9E040DC0A1F8A0F5D",1
"KCoeus1112","KC-IACUC","View IACUC Schedule","View schedule details of IACUC committees in a unit","KCoeus59","Y","EAAE523DB717A6E9E040DC0A1F8A0F5D",1
"KCoeus1113","KC-IACUC","Modify IACUC Schedule","Modify schedule details for IACUC committees in a unit","KCoeus60","Y","EAAE523DB71DA6E9E040DC0A1F8A0F5D",1
"KCoeus1114","KC-IACUC","Modify IACUC Batch Correspondence Detail","Modify Iacuc Batch Correspondence Detail","16","Y","EAAE523DB721A6E9E040DC0A1F8A0F5D",1
"KCoeus1115","KC-IACUC","View IACUC Batch Correspondence Detail","View Iacuc Batch Correspondence Detail","40","Y","EAAE523DB723A6E9E040DC0A1F8A0F5D",1
"KCoeus1116","KC-B","View Personnel Salaries","View Personnel Salaries","KCoeus59","Y","EAAE523DB730A6E9E040DC0A1F8A0F5D",1
"KCoeus1119","KC-UNT","RUN AWARD REPORTS","Permission for run award report","1","Y","EAAE523DB780A6E9E040DC0A1F8A0F5D",1
"KCoeus1120","KC-UNT","RUN COMMITTEE REPORTS","Permission for run committee report","1","Y","EAAE523DB781A6E9E040DC0A1F8A0F5D",1
"KCoeus1121","KC-UNT","RUN DEV PROP REPORTS","Permission for run development proposal report","1","Y","EAAE523DB782A6E9E040DC0A1F8A0F5D",1
"KCoeus1122","KC-UNT","RUN DEV BUDGET REPORTS","Permission for run development budget report","1","Y","EAAE523DB783A6E9E040DC0A1F8A0F5D",1
"KCoeus1123","KC-UNT","RUN GLOBAL REPORTS","Permission for run global report","1","Y","EAAE523DB784A6E9E040DC0A1F8A0F5D",1
"KCoeus1124","KC-UNT","RUN PERSON REPORTS","Permission for run person report","1","Y","EAAE523DB785A6E9E040DC0A1F8A0F5D",1
"KCoeus1125","KC-UNT","RUN PROTOCOL REPORTS","Permission for run protocol report","1","Y","EAAE523DB786A6E9E040DC0A1F8A0F5D",1
"KCoeus1126","KC-UNT","RUN ROLODEX REPORTS","Permission for run rolodex report","1","Y","EAAE523DB787A6E9E040DC0A1F8A0F5D",1
"KCoeus1127","KC-UNT","RUN SPONSOR REPORTS","Permission for run sponsor report","1","Y","EAAE523DB788A6E9E040DC0A1F8A0F5D",1
"KCoeus1128","KC-UNT","RUN UNIT REPORTS","Permission for run unit report","1","Y","EAAE523DB789A6E9E040DC0A1F8A0F5D",1
"KCoeus1129","KC-UNT","RUN USER REPORTS","Permission for run user report","1","Y","EAAE523DB78AA6E9E040DC0A1F8A0F5D",1
"KCoeus1130","KC-UNT","MAINTAIN CUSTOM REPORTS","Permission for maintain custom report","1","Y","EAAE523DB78BA6E9E040DC0A1F8A0F5D",1
"KCoeus1131","KC-COIDISCLOSURE","Add COI Attachment Type","Permission to create new COI attachment types","10","Y","EAAE523DB7ABA6E9E040DC0A1F8A0F5D",1
"KCoeus1132","KC-COIDISCLOSURE","Add COI Disclosure Status","Permission to create new COI disclosure statuses","10","Y","EAAE523DB7AEA6E9E040DC0A1F8A0F5D",1
"KCoeus1133","KC-COIDISCLOSURE","Add COI Disposition Status","Permission to create new COI disposition statuses","10","Y","EAAE523DB7B1A6E9E040DC0A1F8A0F5D",1
"KCoeus1134","KC-COIDISCLOSURE","Add COI Committee Role Type","Permission to create new COI committee role types","10","Y","EAAE523DB7B4A6E9E040DC0A1F8A0F5D",1
"KCoeus1135","KC-COIDISCLOSURE","Add COI Disclosure Event Type","Permission to create new COI disclosure event types","10","Y","EAAE523DB7B7A6E9E040DC0A1F8A0F5D",1
"KCoeus1136","KC-COIDISCLOSURE","Add COI Review Type","Permission to create new COI review types","10","Y","EAAE523DB7BAA6E9E040DC0A1F8A0F5D",1
"KCoeus1137","KC-COIDISCLOSURE","Add COI Reviewer","Permission to create new COI reviewers","10","Y","EAAE523DB7BDA6E9E040DC0A1F8A0F5D",1
"KCoeus1138","KC-COIDISCLOSURE","Add COI Status","Permission to create new COI statuses","10","Y","EAAE523DB7C0A6E9E040DC0A1F8A0F5D",1
"KCoeus1139","KC-COIDISCLOSURE","Add Financial Interest Entity Relationship Type","Permission to create new financial interest entity relationship types","10","Y","EAAE523DB7C3A6E9E040DC0A1F8A0F5D",1
"KCoeus1140","KC-COIDISCLOSURE","Add Financial Interest Entity Status","Permission to create new financial interest entity statuses","10","Y","EAAE523DB7C6A6E9E040DC0A1F8A0F5D",1
"KCoeus1141","KC-COIDISCLOSURE","Add Financial Entity Data Group","Permission to create new financial entity data groups","10","Y","EAAE523DB7C9A6E9E040DC0A1F8A0F5D",1
"KCoeus1142","KC-COIDISCLOSURE","Add Financial Entity Data Matrix","Permission to create new financial entity data matrices","10","Y","EAAE523DB7CCA6E9E040DC0A1F8A0F5D",1
"KCoeus1143","KC-NTFCN","Modify Notification","Modify Notification","KCoeus60","Y","EAAE523DB809A6E9E040DC0A1F8A0F5D",1
"KCoeus1144","KC-NTFCN","View Notification","View Notification","KCoeus59","Y","EAAE523DB80BA6E9E040DC0A1F8A0F5D",1
"KCoeus1145","KC-COIDISCLOSURE","View COI Undisclosed Events","View COI Undisclosed Events permission","1","Y","EAAE523DB80EA6E9E040DC0A1F8A0F5D",1
"KCoeus1146","KC-COIDISCLOSURE","Maintain Coi FE Status Admin","Ability to update FE status by administrator during Disclosure review","10","Y","EAAE523DB810A6E9E040DC0A1F8A0F5D",1
"KCoeus1147","KC-COIDISCLOSURE","Add COI Disclosure Note Type","Permission to create new COI disclosure note types","10","Y","EAAE523DB816A6E9E040DC0A1F8A0F5D",1
"KCoeus1148","KC-PROTOCOL","Create or Modify Research Areas","Create and maintain research area permission","1","Y","EAAE523DB81BA6E9E040DC0A1F8A0F5D",1
"KCoeus1149","KC-IACUC","Create or Modify Iacuc Research Areas","Create and maintain iacuc research area permission","1","Y","EAAE523DB81DA6E9E040DC0A1F8A0F5D",1
"KCoeus1150","KC-PROTOCOL","Assign IRB Committee","This permission allows the assignment (of a submission) to an IRB committee, and is meant to be granted to unit-hierarchy type admin roles for IRB protocols.","KCoeus58","Y","EAAE523DB836A6E9E040DC0A1F8A0F5D",1
"KCoeus1151","KC-IACUC","Assign IACUC Committee","This permission allows the assignment (of a submission) to an IACUC committee, and is meant to be granted to unit-hierarchy type admin roles for IACUC protocols.","KCoeus58","Y","EAAE523DB838A6E9E040DC0A1F8A0F5D",1
"KCoeus1152","KC-PROTOCOL","View IRB Correspondence","View correspondences related to IRB Protocols","KCoeus58","Y","EAAE523DB83AA6E9E040DC0A1F8A0F5D",1
"KCoeus1153","KC-IACUC","View IACUC Correspondence","View correspondences related to IACUC Protocols","KCoeus58","Y","EAAE523DB83EA6E9E040DC0A1F8A0F5D",1
"KCoeus1154","KC-PROTOCOL","Modify IRB Correspondence","Modify correspondences related to IRB Protocols","KCoeus58","Y","EAAE523DB842A6E9E040DC0A1F8A0F5D",1
"KCoeus1155","KC-IACUC","Modify IACUC Correspondence","Modify correspondences related to IACUC Protocols","KCoeus58","Y","EAAE523DB846A6E9E040DC0A1F8A0F5D",1
"KCoeus1156","KC-PROTOCOL","Create IRB Correspondence","Create correspondences related to IRB Protocols","KCoeus58","Y","EAAE523DB84AA6E9E040DC0A1F8A0F5D",1
"KCoeus1157","KC-IACUC","Create IACUC Correspondence","Create correspondences related to IACUC Protocols","KCoeus58","Y","EAAE523DB84EA6E9E040DC0A1F8A0F5D",1
"KCoeus1158","KC-IACUC","Maintain IACUC Person Training","Permission for managing the iacuc person training maintenance document","10","Y","EAAE523DB852A6E9E040DC0A1F8A0F5D",1
"KCoeus842","KC-PD","Create ProposalDevelopmentDocument","Create Proposal Development Document","10","Y","B6A90093AC3B8D60E040DC0A1F8A1D16",1
"KCoeus843","KC-PROTOCOL","Create ProtocolDocument","Create Protocol Document","10","Y","B6A90093AC3D8D60E040DC0A1F8A1D16",1
"KCoeus844","KC-PROTOCOL","Create CommitteeDocument","Add new committees in a unit","10","Y","B6A90093AC3F8D60E040DC0A1F8A1D16",1
"KCoeus845","KC-AWARD","Create Award","Create Award","10","Y","B6A90093AC418D60E040DC0A1F8A1D16",1
"KCoeus846","KC-PD","Submit ProposalDevelopmentDocument","Submit a Proposal for approval","5","Y","B6A90093AC438D60E040DC0A1F8A1D16",1
"KCoeus847","KC-PROTOCOL","Submit Protocol","Submit a Protocol to IRB for review","5","Y","B6A90093AC458D60E040DC0A1F8A1D16",1
"KCoeus848","KC-PD","Modify ProposalDevelopmentDocument","Modify Proposal Development Document","KCoeus60","Y","B6A90093AC478D60E040DC0A1F8A1D16",1
"KCoeus849","KC-PD","Modify Budget","Create/Modify Proposal Budget","KCoeus60","Y","B6A90093AC4A8D60E040DC0A1F8A1D16",1
"KCoeus850","KC-PD","Modify Narrative","Create/Modify Proposal Narrative","KCoeus60","Y","B6A90093AC4D8D60E040DC0A1F8A1D16",1
"KCoeus851","KC-PD","Modify ProposalPermissions","Assign Users to Proposal Roles","KCoeus60","Y","B6A90093AC508D60E040DC0A1F8A1D16",1
"KCoeus852","KC-PROTOCOL","Modify Protocol","Modify Protocol Document","KCoeus60","Y","B6A90093AC538D60E040DC0A1F8A1D16",1
"KCoeus853","KC-PROTOCOL","Modify ProtocolPermissions","Assign Users to Protocol Roles","KCoeus60","Y","B6A90093AC568D60E040DC0A1F8A1D16",1
"KCoeus854","KC-PROTOCOL","Modify Committee","Modify existing committees in a unit","KCoeus60","Y","B6A90093AC598D60E040DC0A1F8A1D16",1
"KCoeus855","KC-PROTOCOL","Modify Schedule","Modify schedule details for committees in a unit","KCoeus60","Y","B6A90093AC5C8D60E040DC0A1F8A1D16",1
"KCoeus856","KC-PROTOCOL","Maintain Memberships","Maintain membership details in committees in a unit","KCoeus60","Y","B6A90093AC5F8D60E040DC0A1F8A1D16",1
"KCoeus857","KC-PROTOCOL","Maintain Minutes","Add/modify/delete minute entries in any schedule for committees in a unit","KCoeus60","Y","B6A90093AC628D60E040DC0A1F8A1D16",1
"KCoeus858","KC-AWARD","Modify Award","Modify Award","KCoeus60","Y","B6A90093AC658D60E040DC0A1F8A1D16",1
"KCoeus859","KC-AWARD","Maintain Award Attachments","Permission to add, view or delete any Attachment in an Award","KCoeus60","Y","B6A90093AC688D60E040DC0A1F8A1D16",1
"KCoeus860","KC-PD","View Proposal","View Proposal Development Document","KCoeus59","Y","B6A90093AC6B8D60E040DC0A1F8A1D16",1
"KCoeus861","KC-PD","View Budget","View Proposal Budget","KCoeus59","Y","B6A90093AC6E8D60E040DC0A1F8A1D16",1
"KCoeus862","KC-PD","View Narratives","View Proposal Narrative","KCoeus59","Y","B6A90093AC718D60E040DC0A1F8A1D16",1
"KCoeus863","KC-PROTOCOL","View Protocol","View Protocol Document","KCoeus59","Y","B6A90093AC748D60E040DC0A1F8A1D16",1
"KCoeus864","KC-PROTOCOL","View Minutes","View Minutes","KCoeus59","Y","B6A90093AC778D60E040DC0A1F8A1D16",1
"KCoeus865","KC-PROTOCOL","View Committee","View all committees in a unit","KCoeus59","Y","B6A90093AC7A8D60E040DC0A1F8A1D16",1
"KCoeus866","KC-PROTOCOL","View Schedule","View schedule details of committees in a unit","KCoeus59","Y","B6A90093AC7D8D60E040DC0A1F8A1D16",1
"KCoeus867","KC-PROTOCOL","View Agenda","View Agenda","KCoeus59","Y","B6A90093AC808D60E040DC0A1F8A1D16",1
"KCoeus868","KC-AWARD","View Award","View Award","KCoeus59","Y","B6A90093AC838D60E040DC0A1F8A1D16",1
"KCoeus869","KC-AWARD","View Award Attachments","Permission to view any Attachment in an Award","KCoeus59","Y","B6A90093AC868D60E040DC0A1F8A1D16",1
"KCoeus870","KC-PD","Alter Proposal Data","Change proposal master data once the proposal is locked","KCoeus58","Y","B6A90093AC898D60E040DC0A1F8A1D16",1
"KCoeus871","KC-PD","Print Proposal","Print proposal on a sponsor specific path","KCoeus58","Y","B6A90093AC8C8D60E040DC0A1F8A1D16",1
"KCoeus872","KC-PD","Certify","Certify","KCoeus58","Y","B6A90093AC8F8D60E040DC0A1F8A1D16",1
"KCoeus873","KC-PD","Submit to Sponsor","Submit a Proposal to Grants.gov","KCoeus58","Y","B6A90093AC928D60E040DC0A1F8A1D16",1
"KCoeus874","KC-PD","Add Proposal Viewer","Assign User to Proposal Viewer Role","KCoeus58","Y","B6A90093AC958D60E040DC0A1F8A1D16",1
"KCoeus875","KC-PROTOCOL","Create Ammendment","Create a new ammendment for a protocol","KCoeus58","Y","B6A90093AC988D60E040DC0A1F8A1D16",1
"KCoeus876","KC-PROTOCOL","Create Renewal","Create a new renewal for a protocol","KCoeus58","Y","B6A90093AC9B8D60E040DC0A1F8A1D16",1
"KCoeus877","KC-PROTOCOL","Administrative Correction","Perform Administrative Corrections on Protocols","KCoeus58","Y","B6A90093AC9E8D60E040DC0A1F8A1D16",1
"KCoeus878","KC-PROTOCOL","Maintain Protocol Submissions","Modify Protocol Submission details","KCoeus58","Y","B6A90093ACA18D60E040DC0A1F8A1D16",1
"KCoeus879","KC-PROTOCOL","Add Notes","Add Protocol Notes","KCoeus58","Y","B6A90093ACA48D60E040DC0A1F8A1D16",1
"KCoeus880","KC-PROTOCOL","View Restricted Notes","View Restricted Notes in Protocols","KCoeus58","Y","B6A90093ACA78D60E040DC0A1F8A1D16",1
"KCoeus881","KC-PROTOCOL","Generate Agenda","Generate Agenda","KCoeus58","Y","B6A90093ACAA8D60E040DC0A1F8A1D16",1
"KCoeus882","KC-PROTOCOL","Generate Minutes","Generate Minutes","KCoeus58","Y","B6A90093ACAD8D60E040DC0A1F8A1D16",1
"KCoeus883","KC-PROTOCOL","Generate Schedule","Generate Schedule","KCoeus58","Y","B6A90093ACB08D60E040DC0A1F8A1D16",1
"KCoeus884","KC-PROTOCOL","View Member Details","View membership details for a member in a committee","KCoeus58","Y","B6A90093ACB38D60E040DC0A1F8A1D16",1
"KCoeus885","KC-PROTOCOL","Modify Any Protocol","Modify Any Protocol Document","KCoeus57","Y","B6A90093ACB68D60E040DC0A1F8A1D16",1
"KCoeus886","KC-AWARD","View Any Proposal","View Any Proposal","KCoeus56","Y","B6A90093ACB88D60E040DC0A1F8A1D16",1
"KCoeus887","KC-PROTOCOL","Perform IRB Actions on a Protocol","Perform any IRB action on a protocol submitted to a committee","KCoeus55","Y","B6A90093ACBA8D60E040DC0A1F8A1D16",1
"KCoeus888","KC-IP","Edit Proposal Log","Edit a Proposal Log","16","Y","B6A90093ACBC8D60E040DC0A1F8A1D16",1
"KCoeus889","KC-IP","Save Proposal Log","Save a Proposal Log","15","Y","B6A90093ACBE8D60E040DC0A1F8A1D16",1
"KCoeus890","KC-IP","Submit Proposal Log","Submit a Proposal Log","5","Y","B6A90093ACC08D60E040DC0A1F8A1D16",1
"KCoeus891","KC-QUESTIONNAIRE","Modify Questionnaire",NULL,"KCoeus53","Y","B6A90093ACC28D60E040DC0A1F8A1D16",1
"KCoeus892","KC-QUESTIONNAIRE","View Questionnaire",NULL,"KCoeus53","Y","B6A90093ACC48D60E040DC0A1F8A1D16",1
"KCoeus893","KC-PD","Maintain ProposalHierarchy","Create, modify and synchronize ProposalHierarchies","KCoeus60","Y","B6A90093ACC68D60E040DC0A1F8A1D16",1
"KCoeus894","KC-SYS","Administer Routing for Document","Allows users to open KC documents via the Super search option in Document Search and take Administrative workflow actions on them (such as approving the document, approving individual requests, or sending the document to a specified route node).","3","Y","B6A90093ACC78D60E040DC0A1F8A1D16",1
"KCoeus895","KC-SYS","Blanket Approve Document","Allows access to the Blanket Approval button on KC Documents.","4","Y","B6A90093ACC98D60E040DC0A1F8A1D16",1
"KCoeus896","KC-SYS","Initiate Document","Authorizes the initiation of KC Documents.","10","Y","B6A90093ACCB8D60E040DC0A1F8A1D16",1
"KCoeus897","KC-SYS","Open Document","Authorizes users to open KC Documents.","40","Y","B6A90093ACCD8D60E040DC0A1F8A1D16",1
"KCoeus898","KC-SYS","Save Document","Authorizes user to save documents answering to the KC parent document Type.","15","Y","B6A90093ACCF8D60E040DC0A1F8A1D16",1
"KCoeus899","KC-SYS","Delete Note / Attachment","Authorizes users to delete notes and attachments created by any user on documents answering to the KC parent document type.","47","Y","B6A90093ACD18D60E040DC0A1F8A1D16",1
"KCoeus900","KC-SYS","Ad Hoc Review Document - Approve","Authorizes users to take the Approve action on KC documents Ad Hoc routed to them.","9","Y","B6A90093ACD48D60E040DC0A1F8A1D16",1
"KCoeus901","KC-SYS","Ad Hoc Review Document - FYI","Authorizes users to take the FYI action on KC documents Ad Hoc routed to them.","9","Y","B6A90093ACD78D60E040DC0A1F8A1D16",1
"KCoeus902","KC-SYS","Ad Hoc Review Document - Acknowledge","Authorizes users to take the Acknowledge action on KC documents Ad Hoc routed to them.","9","Y","B6A90093ACDA8D60E040DC0A1F8A1D16",1
"KCoeus903","KC-SYS","Initiate Simple Document","Authorizes the initiation of KC Simple Maintenance documents.","10","Y","B6A90093ACDD8D60E040DC0A1F8A1D16",1
"KCoeus904","KC-SYS","Assign Role","Authorizes users to modify the information on the Assignees Tab of the Role Document and the Roles section of the Membership Tab on the Person Document for roles with a Module Code beginning with KRA.","35","Y","B6A90093ACDF8D60E040DC0A1F8A1D16",1
"KCoeus905","KC-SYS","Grant Permission","Authorizes users to modify the information on the Permissions tab of the Role Document for roles with a module code beginning with KRA.","36","Y","B6A90093ACE18D60E040DC0A1F8A1D16",1
"KCoeus906","KC-SYS","Grant Responsibility","Authorizes users to modify the information on the Responsibility tab of the Role Document for roles with a Module Code that begins with KFS.","37","Y","B6A90093ACE38D60E040DC0A1F8A1D16",1
"KCoeus907","KC-SYS","Maintain System Parameter","Authorizes users to initiate and edit the Parameter document for pameters with a module code beginning with KFS.","34","Y","B6A90093ACE58D60E040DC0A1F8A1D16",1
"KCoeus910","KC-PD","Blanket Approve ProposalDevelopmentDocument","Blanket Approve ProposalDevelopmentDocument","4","N","B6A90093ACE98D60E040DC0A1F8A1D16",1
"KCoeus911","KC-PROTOCOL","Blanket Approve ProtocolDocument","Blanket Approve ProtocolDocument","4","N","B6A90093ACEB8D60E040DC0A1F8A1D16",1
"KCoeus912","KC-PROTOCOL","Blanket Approve CommitteeDocument","Blanket Approve CommitteeDocument","4","N","B6A90093ACED8D60E040DC0A1F8A1D16",1
"KCoeus913","KC-AWARD","Blanket Approve AwardDocument","Blanket Approve AwardDocument","4","N","B6A90093ACEF8D60E040DC0A1F8A1D16",1
"KCoeus914","KC-AWARD","Blanket Approve TimeAndMoneyDocument","Blanket Approve TimeAndMoneyDocument","4","N","B6A90093ACF18D60E040DC0A1F8A1D16",1
"KCoeus915","KC-QUESTIONNAIRE","Modify Question","Modify Question","KCoeus52","Y","B6A90093ACF38D60E040DC0A1F8A1D16",1
"KCoeus916","KC-QUESTIONNAIRE","View Question","View Question","KCoeus52","Y","B6A90093ACF58D60E040DC0A1F8A1D16",1
"KCoeus917","KC-IP","Create Proposal Log","Initiate a new Proposal Log","10","Y","B6A90093ACF78D60E040DC0A1F8A1D16",1
"KCoeus918","KC-IP","Open Proposal Log","Open a Proposal Log","40","Y","B6A90093ACF98D60E040DC0A1F8A1D16",1
"KCoeus919","KC-IP","Cancel Proposal Log","Cancel a Proposal Log","14","Y","B6A90093ACFB8D60E040DC0A1F8A1D16",1
"KCoeus920","KC-IP","Create Institutional Proposal","Initiate a new Institutional Proposal","10","Y","B6A90093ACFD8D60E040DC0A1F8A1D16",1
"KCoeus921","KC-IP","Edit Institutional Proposal","Edit a Institutional Proposal","16","Y","B6A90093ACFF8D60E040DC0A1F8A1D16",1
"KCoeus922","KC-IP","Save Institutional Proposal","Save a Institutional Proposal","15","Y","B6A90093AD018D60E040DC0A1F8A1D16",1
"KCoeus923","KC-IP","Submit Institutional Proposal","Submit a Institutional Proposal","5","Y","B6A90093AD038D60E040DC0A1F8A1D16",1
"KCoeus924","KC-IP","Open Institutional Proposal","Open a Institutional Proposal","40","Y","B6A90093AD058D60E040DC0A1F8A1D16",1
"KCoeus925","KC-IP","Cancel Institutional Proposal","Cancel a Institutional Proposal","14","Y","B6A90093AD078D60E040DC0A1F8A1D16",1
"KCoeus926","KC-IP","Create Intellectual Property Review","Initiate a new Intellectual Property Review","10","Y","B6A90093AD098D60E040DC0A1F8A1D16",1
"KCoeus927","KC-IP","Edit Intellectual Property Review","Edit a Intellectual Property Review","16","Y","B6A90093AD0B8D60E040DC0A1F8A1D16",1
"KCoeus928","KC-IP","Save Intellectual Property Review","Save a Intellectual Property Review","15","Y","B6A90093AD0D8D60E040DC0A1F8A1D16",1
"KCoeus929","KC-IP","Submit Intellectual Property Review","Submit a Intellectual Property Review","5","Y","B6A90093AD0F8D60E040DC0A1F8A1D16",1
"KCoeus930","KC-IP","Open Intellectual Property Review","Open a Intellectual Property Review","40","Y","B6A90093AD118D60E040DC0A1F8A1D16",1
"KCoeus931","KC-IP","Cancel Intellectual Property Review","Cancel a Intellectual Property Review","14","Y","B6A90093AD138D60E040DC0A1F8A1D16",1
"KCoeus932","KC-M","Create Valid Rate","Create a Valid Rates entry","1","Y","B6A90093AD158D60E040DC0A1F8A1D16",1
"KCoeus933","KC-PROTOCOL","Modify Correspondence Template",NULL,"16","Y","B6A90093AD178D60E040DC0A1F8A1D16",1
"KCoeus934","KC-PROTOCOL","View Correspondence Template",NULL,"40","Y","B6A90093AD198D60E040DC0A1F8A1D16",1
"KCoeus935","KC-AB","Blanket Approve AwardBudgetDocument","Blanket Approve AwardBudgetDocument","4","Y","B6A90093AD1B8D60E040DC0A1F8A1D16",1
"KCoeus936","KC-AB","Submit AwardBudget","Submit award budget document","5","Y","B6A90093AD1D8D60E040DC0A1F8A1D16",1
"KCoeus937","KC-AB","Approve AwardBudget","Approve award budget document","KCoeus58","Y","B6A90093AD208D60E040DC0A1F8A1D16",1
"KCoeus938","KC-AB","Post AwardBudget","Post award budget document","KCoeus58","Y","B6A90093AD228D60E040DC0A1F8A1D16",1
"KCoeus939","KC-AB","Create AwardBudget","Create award budget document","KCoeus58","Y","B6A90093AD248D60E040DC0A1F8A1D16",1
"KCoeus940","KC-AB","Maintain AwardBudgetRouting","Maintaining Award budget routing","KCoeus58","Y","B6A90093AD268D60E040DC0A1F8A1D16",1
"KCoeus941","KC-AB","Modify AwardBudget","Modify Award Budget at unit level","KCoeus60","Y","B6A90093AD288D60E040DC0A1F8A1D16",1
"KCoeus942","KC-AB","View AwardBudget","View Award Budget at unit level","KCoeus59","Y","B6A90093AD2A8D60E040DC0A1F8A1D16",1
"KCoeus943","KC-PROTOCOL","Modify Batch Correspondence Detail","Modify Batch Correspondence Detail","16","Y","B6A90093AD2B8D60E040DC0A1F8A1D16",1
"KCoeus944","KC-PROTOCOL","View Batch Correspondence Detail","View Batch Correspondence Detail","40","Y","B6A90093AD2D8D60E040DC0A1F8A1D16",1
"KCoeus945","KC-PROTOCOL","View Protocol Online Review Comments","View Protocol Online Review Comments","KCoeus59","Y","B6A90093AD2F8D60E040DC0A1F8A1D16",1
"KCoeus946","KC-PROTOCOL","Maintain Protocol Online Review Comments","Maintain Protocol Online Review Comments","KCoeus60","Y","B6A90093AD328D60E040DC0A1F8A1D16",1
"KCoeus947","KC-PROTOCOL","Maintain Protocol Online Reviews","Maintain Protocol Online Reviews","KCoeus59","Y","B6A90093AD358D60E040DC0A1F8A1D16",1
"KCoeus948","KC-PROTOCOL","Perform Committee Actions","Perform committee actions","KCoeus58","Y","B6A90093AD388D60E040DC0A1F8A1D16",1
"KCoeus952","KC-SYS","Populate KC Groups","Authorizes users to modify the information on the Assignees Tab of the Group Document and the Group section of the Membership Tab on the Person Document for groups with namespaces beginning with KC.","38","Y","B6A90093AD3F8D60E040DC0A1F8A1D16",1
"KCoeus957","KC-PD","Maintain Questionnaire Usage","Add/Edit Questionnaire Usages for Proposal Development","KCoeus53","Y","B6A9041F2348BA87E040DC0A1F8A1D34",1
"KCoeus958","KC-PROTOCOL","Maintain Questionnaire Usage","Add/Edit Questionnaire Usages for Protocol","KCoeus53","Y","B6A9041F2349BA87E040DC0A1F8A1D34",1
"KCoeus959","KC-PROTOCOL","Modify Notification Template",NULL,"16","Y","B6A90093AD3A8D60E040DC0A1F8A1D16",1
"KCoeus960","KC-PROTOCOL","View Notification Template",NULL,"40","Y","B6A90093AD3C8D60E040DC0A1F8A1D16",1
"KCoeus961","KC-PROTOCOL","Edit Protocol Billable","can check the billable check box or not","KCoeus58","Y","B6A90093AD418D60E040DC0A1F8A1D16",1
"KCoeus962","KC-PROTOCOL","Modify Protocol Submission","modify an existing protocol submission","KCoeus58","Y","B6A90093AD428D60E040DC0A1F8A1D16",1
"KCoeus963","KC-PROTOCOL","Protocol Review Not Required","permission for marking protocol as review not required","KCoeus58","Y","B6A90093AD3E8D60E040DC0A1F8A1D16",1
"KCoeus964","KC-AWARD","Create Award Account","Create Award Account","KCoeus58","Y","B6A9041F2347BA87E040DC0A1F8A1D34",1
"KCoeus965","KC-PROTOCOL","Maintain Protocol Notes","permission for maintaining notes on a submitted protocol","KCoeus59","Y","B6A9041F2346BA87E040DC0A1F8A1D34",1
"KCoeus966","KC-T","Create Time And Money Document","Initiate a new Time and Money Document","10","Y","B6A9048F74937930E040DC0A1F8A1D42",1
"KCoeus967","KC-T","Modify Time And Money Document","Modify a Time and Money Document","16","Y","B6A9048F74947930E040DC0A1F8A1D42",1
"KCoeus968","KC-T","Save Time And Money Document","Save a Time and Money Document","15","Y","B6A9048F74957930E040DC0A1F8A1D42",1
"KCoeus969","KC-T","Submit Time And Money Document","Submit a Time and Money Document","5","Y","B6A9048F74967930E040DC0A1F8A1D42",1
"KCoeus970","KC-T","Open Time And Money Document","Open a Time and Money Document","40","Y","B6A9048F74977930E040DC0A1F8A1D42",1
"KCoeus971","KC-T","Cancel Time And Money Document","Cancel a Time and Money Document","14","Y","B6A9048F74987930E040DC0A1F8A1D42",1
"KCoeus972","KC-T","View Time And Money Document","View a Time and Money Document","KCoeus59","Y","B6A9048F74997930E040DC0A1F8A1D42",1
"KCoeus973","KC-PD","Delete Proposal","Delete a Proposal","KCoeus58","Y","B6A9050127E465A3E040DC0A1F8A1D4C",1
"KCoeus974","KC-SYS","View Active Special Review Types","Can view all active special review types","27","Y","B6A9051D48B6F9D0E040DC0A1F8A1D56",1
"KCoeus975","KC-PROTOCOL","Create Any Amendment","Create amendments on any protocol","KCoeus58","Y","B6A9051D48D3F9D0E040DC0A1F8A1D56",1
"KCoeus976","KC-PROTOCOL","Create Any Renewal","Create renewals for any protocol","KCoeus58","Y","B6A9051D48D4F9D0E040DC0A1F8A1D56",1
"KCoeus977","KC-PROTOCOL","Submit Any Protocol","Submit Any Protocol","KCoeus58","Y","B6A9051D48D5F9D0E040DC0A1F8A1D56",1
"KCoeus978","KC-PROTOCOL","Maintain Protocol Review Comments","Maintain Protocol Review Comments","KCoeus60","Y","B6A9051D48D6F9D0E040DC0A1F8A1D56",1
"KCoeus979","KC-PROTOCOL","Maintain Protocol Related Proj","Maintain Protocols link to award and proposal","KCoeus60","Y","B6A9051D48D7F9D0E040DC0A1F8A1D56",1
"KCoeus980","KC-PROTOCOL","Maintain Any Protocol Access","Maintain Any Protocol Access","KCoeus60","Y","B6A9051D48D8F9D0E040DC0A1F8A1D56",1
"KCoeus981","KC-PROTOCOL","Add Any Protocol Notes","Add Any Protocol Notes","KCoeus60","Y","B6A9051D48D9F9D0E040DC0A1F8A1D56",1
"KCoeus982","KC-PD","Modify Proposal Rates","Modify Proposal Budget Rates","KCoeus60","Y","B6A9051D48DAF9D0E040DC0A1F8A1D56",1
"KCoeus983","KC-COIDISCLOSURE","Approve Coi Disclosure","approver for all disclosure","KCoeus58","Y","C041EF5965276B48E040DC0A1F8A15A8",1
"KCoeus984","KC-COIDISCLOSURE","Maintain Coi Disclosure","Maintain Coi Disclosure","KCoeus60","Y","C041EF5965296B48E040DC0A1F8A15A8",1
"KCoeus985","KC-COIDISCLOSURE","Maintain Coi Disclosure Attachments","Maintain Coi Disclosure Attachments","KCoeus60","Y","C041EF59652B6B48E040DC0A1F8A15A8",1
"KCoeus986","KC-COIDISCLOSURE","Maintain Coi Disclosure Notes","Maintain Coi Disclosure Notes","KCoeus60","Y","C041EF59652D6B48E040DC0A1F8A15A8",1
"KCoeus987","KC-COIDISCLOSURE","Maintain Disclosure Access","check disclosure accessible","KCoeus60","Y","C041EF59652F6B48E040DC0A1F8A15A8",1
"KCoeus988","KC-COIDISCLOSURE","Receive Disclosure Notice","Receive financial interest disclosure notice","KCoeus60","Y","C041EF5965316B48E040DC0A1F8A15A8",1
"KCoeus989","KC-COIDISCLOSURE","View All Pending Disclosures","View all pending COI disclosures ","KCoeus60","Y","C041EF5965336B48E040DC0A1F8A15A8",1
"KCoeus990","KC-COIDISCLOSURE","Coi Viewer","approver and viewer of disclosures","KCoeus58","Y","C041EF5965366B48E040DC0A1F8A15A8",1
"KCoeus991","KC-COIDISCLOSURE","View Coi Disclosure","Maintain Coi Disclosure","KCoeus59","Y","C041EF5965386B48E040DC0A1F8A15A8",1
"KCoeus992","KC-COIDISCLOSURE","View Coi Disclosure Attachments","Maintain Coi Disclosure Attachments","KCoeus59","Y","C041EF59653A6B48E040DC0A1F8A15A8",1
"KCoeus993","KC-COIDISCLOSURE","View Coi Disclosure Notes","Maintain Coi Disclosure Notes","KCoeus59","Y","C041EF59653C6B48E040DC0A1F8A15A8",1
"KCoeus994","KC-SYS","View Active Protocol Review Types","Can view all active protocol review types","27","Y","C041EF5965496B48E040DC0A1F8A15A8",1
"KCoeus995","KC-PROTOCOL","Delete Protocol","Delete Protocol Document","KCoeus60","Y","C041EF59655D6B48E040DC0A1F8A15A8",1
"KCoeus998","KC-NEGOTIATION","CREATE NEGOTIATION","Create a new negotiation permission","1","Y","C041EF59656E6B48E040DC0A1F8A15A8",1
"KCoeus999","KC-NEGOTIATION","MODIFY NEGOTIATION","Edit an existing negotiation permission","1","Y","C041EF59656F6B48E040DC0A1F8A15A8",1
"KCoeusKC1069","KC-IACUC","Maintain KRMS Agenda","Maintain IACUC KRMS Agenda","61","Y","EAAE523DB5D7A6E9E040DC0A1F8A0F5D",1
"KCoeusKC1117","KC-PD","Recall Document","Recall Proposal Development Document","68","Y","EAAE523DB75EA6E9E040DC0A1F8A0F5D",1
"KCoeusKC1118","KC-PROTOCOL","Recall Document","Recall Protocol Document","68","Y","EAAE523DB764A6E9E040DC0A1F8A0F5D",1
